subject_id,set_id,rep_id,frame,obj_id,x,y,z,v,range_m,azimuth_deg,elev_deg,snr,noise,label
Person_B,4,1,0,-1,0,0,0,0,0,0,0,0,0,bad
Person_B,4,1,1,0,-0.196329102,0.6698815226554871,0,-0.12173257,0.6980590022741615,-16.33482344,0,310,456,bad
Person_B,4,1,2,0,-0.196329102,0.6698815226554871,0,-0.24346514,0.6980590022741615,-16.33482344,0,385,446,bad
Person_B,4,1,3,0,-0.171787962,0.586146355,0,-0.24346514,0.6108016479155256,-16.33482269,0,323,436,bad
Person_B,4,1,4,0,0.11452530324459076,0.5999688506126404,0,-0.24346514,0.6108016591240714,10.806922138393345,0,326,439,bad
Person_B,4,1,4,1,0,1.1343458890914917,0,-0.12173257,1.1343458890914917,0,0,310,641,bad
Person_B,4,1,5,0,0.12406907975673676,0.5534365177154541,0,-0.365197718,0.5671729151614097,12.635625580079946,0,440,440,bad
Person_B,4,1,6,0,0.054535862,0.870867908,0,-0.12173257,0.8725738211958901,3.583321586356074,0,362,593,bad
Person_B,4,1,7,0,0.054535862,0.870867908,0,-0.12173257,0.8725738211958901,3.583321586356074,0,295,660,bad
Person_B,4,1,8,0,0.054535862,0.870867908,0,0.12173257023096085,0.8725738211958901,3.583321586356074,0,331,470,bad
Person_B,4,1,8,1,0.081803791,0.8687307834625244,0,-0.12173257,0.8725737988240236,5.379378837994838,0,327,524,bad
Person_B,4,1,9,-1,0,0,0,0,0,0,0,0,0,bad
Person_B,4,1,10,-1,0,0,0,0,0,0,0,0,0,bad
Person_B,4,1,11,-1,0,0,0,0,0,0,0,0,0,bad
Person_B,4,1,12,0,0.051809069,0.8273245096206665,0,-0.12173257,0.8289451271500483,3.5833215863812433,0,295,626,bad
Person_B,4,1,13,0,-0.034084912,1.0901844501495361,0,-0.12173257,1.0907171570120493,-1.790784726,0,301,621,bad
Person_B,4,1,14,0,0.034084912,1.0901844501495361,0,0.12173257023096085,1.0907171570120493,1.7907847261710528,0,300,607,bad
Person_B,4,1,14,1,0.081803791,0.8687307834625244,0,0.2434651404619217,0.8725737988240236,5.379378837994838,0,416,510,bad
Person_B,4,1,14,2,0,1.0907171964645386,0,-0.12173257,1.0907171964645386,0,0,360,505,bad
Person_B,4,1,15,0,0.034084912,1.0901844501495361,0,0.12173257023096085,1.0907171570120493,1.7907847261710528,0,365,498,bad
Person_B,4,1,15,1,0.14315663278102875,0.9049492478370667,0,0.36519771814346313,0.9162024681641471,8.989299174,0,340,515,bad
Person_B,4,1,15,2,0.076350205,0.6060109734535217,0,0.6086628437042236,0.6108016484061424,7.180755656904158,0,341,455,bad
Person_B,4,1,15,3,-0.152700409,0.5914061069488525,0,0.6086628437042236,0.6108016030878608,-14.47751303,0,341,455,bad
Person_B,4,1,16,0,0,1.0907171964645386,0,0.2434651404619217,1.0907171964645386,0,0,447,520,bad
Person_B,4,1,16,1,-0.152700409,0.6811527013778687,0,0.4869302809238434,0.6980590358935775,-12.6356247,0,307,435,bad
Person_B,4,1,16,2,0.10907172411680222,0.6894851326942444,0,0.4869302809238434,0.6980590155625895,8.989299599343493,0,307,435,bad
Person_B,4,1,17,0,-0.196329102,0.6698815226554871,0,0.36519771814346313,0.6980590022741615,-16.33482344,0,336,455,bad
Person_B,4,1,18,0,-0.208599672,0.7117491364479065,0,0.12173257023096085,0.7416877080528171,-16.33482311,0,371,436,bad
Person_B,4,1,19,0,0.1567905992269516,0.9911348223686218,0,0.12173257023096085,1.0034597790233677,8.989299861519905,0,292,469,bad
Person_B,4,1,19,1,0,1.1779745817184448,0,0.12173257023096085,1.1779745817184448,0,0,402,529,bad
Person_B,4,2,20,-1,0,0,0,0,0,0,0,0,0,bad
Person_B,4,2,21,0,-0.208599672,0.7117491364479065,0,-0.12173257,0.7416877080528171,-16.33482311,0,297,455,bad
Person_B,4,2,22,0,-0.218143448,0.6630986332893372,0,-0.12173257,0.6980589956998148,-18.20995793,0,335,425,bad
Person_B,4,2,23,0,-0.184058532,0.6280139088630676,0,-0.24346514,0.6544302964955059,-16.33482382,0,315,444,bad
Person_B,4,2,23,1,0.040901895612478256,0.6531509160995483,0,-0.24346514,0.654430351,3.583321586515481,0,315,444,bad
Person_B,4,2,24,0,0.081803791,0.6492974162101746,0,-0.24346514,0.6544302827314648,7.180756308841686,0,385,416,bad
Person_B,4,2,24,1,-0.163607582,0.6336494088172913,0,-0.24346514,0.6544302975333643,-14.47751293,0,385,416,bad
Person_B,4,2,24,2,0.14315663278102875,0.9049492478370667,0,-0.12173257,0.9162024681641471,8.989299174,0,325,580,bad
Person_B,4,2,25,0,0.14315663278102875,0.9049492478370667,0,-0.12173257,0.9162024681641471,8.989299174,0,380,559,bad
Person_B,4,2,26,0,0.11452531069517136,0.90901649,0,-0.12173257,0.9162025026434499,7.180755655076955,0,360,589,bad
Person_B,4,2,27,-1,0,0,0,0,0,0,0,0,0,bad
Person_B,4,2,28,0,0.081803791,0.8687307834625244,0,-0.12173257,0.8725737988240236,5.379378837994838,0,324,621,bad
Person_B,4,2,29,-1,0,0,0,0,0,0,0,0,0,bad
Person_B,4,2,30,-1,0,0,0,0,0,0,0,0,0,bad
Person_B,4,2,31,-1,0,0,0,0,0,0,0,0,0,bad
Person_B,4,2,32,-1,0,0,0,0,0,0,0,0,0,bad
Person_B,4,2,33,-1,0,0,0,0,0,0,0,0,0,bad
Person_B,4,2,34,-1,0,0,0,0,0,0,0,0,0,bad
Person_B,4,2,35,0,0.081803791,0.8687307834625244,0,0.12173257023096085,0.8725737988240236,5.379378837994838,0,300,678,bad
Person_B,4,2,36,0,0.054535862,0.870867908,0,0.2434651404619217,0.8725738211958901,3.583321586356074,0,316,616,bad
Person_B,4,2,36,1,0.38175103068351746,0.7846344113349915,0,0.2434651404619217,0.8725737842033398,25.944479808920615,0,316,616,bad
Person_B,4,2,37,0,0,1.0907171964645386,0,0.12173257023096085,1.0907171964645386,0,0,390,525,bad
Person_B,4,2,37,1,0.14315663278102875,0.9049492478370667,0,0.2434651404619217,0.9162024681641471,8.989299174,0,332,557,bad
Person_B,4,2,37,2,0.057262652,0.60811156,0,0.4869302809238434,0.6108016708356955,5.379378524415086,0,370,437,bad
Person_B,4,2,38,0,0,1.0907171964645386,0,0.12173257023096085,1.0907171964645386,0,0,442,515,bad
Person_B,4,2,38,1,0.17178796231746674,0.899953306,0,0.2434651404619217,0.9162025193568573,10.806922246612565,0,296,570,bad
Person_B,4,2,39,0,-0.171787962,0.586146355,0,0.36519771814346313,0.6108016479155256,-16.33482269,0,294,438,bad
Person_B,4,2,39,1,0.057262652,0.60811156,0,0.36519771814346313,0.6108016708356955,5.379378524415086,0,294,438,bad
Person_B,4,2,40,0,-0.184058532,0.6280139088630676,0,0.2434651404619217,0.6544302964955059,-16.33482382,0,316,442,bad
Person_B,4,2,41,0,-0.196329102,0.6698815226554871,0,0.12173257023096085,0.6980590022741615,-16.33482344,0,303,438,bad
Person_B,4,2,42,-1,0,0,0,0,0,0,0,0,0,bad
Person_B,4,3,43,-1,0,0,0,0,0,0,0,0,0,bad
Person_B,4,3,44,0,-0.196329102,0.6698815226554871,0,-0.12173257,0.6980590022741615,-16.33482344,0,311,432,bad
Person_B,4,3,45,0,-0.184058532,0.6280139088630676,0,-0.24346514,0.6544302964955059,-16.33482382,0,296,447,bad
Person_B,4,3,45,1,0,1.1343458890914917,0,-0.24346514,1.1343458890914917,0,0,290,700,bad
Person_B,4,3,46,0,-0.184058532,0.6280139088630676,0,-0.24346514,0.6544302964955059,-16.33482382,0,356,449,bad
Person_B,4,3,47,0,-0.163607582,0.6336494088172913,0,-0.24346514,0.6544302975333643,-14.47751293,0,362,433,bad
Person_B,4,3,47,1,0.11452531069517136,0.90901649,0,-0.12173257,0.9162025026434499,7.180755655076955,0,313,618,bad
Person_B,4,3,48,0,0.081803791,0.6492974162101746,0,-0.12173257,0.6544302827314648,7.180756308841686,0,336,435,bad
Person_B,4,3,48,1,0.11452531069517136,0.90901649,0,-0.12173257,0.9162025026434499,7.180755655076955,0,312,616,bad
Person_B,4,3,49,0,0.095437758,0.6032994985580444,0,-0.24346514,0.6108016458308158,8.989299403852012,0,407,409,bad
Person_B,4,3,49,1,0.11452531069517136,0.90901649,0,-0.12173257,0.9162025026434499,7.180755655076955,0,296,625,bad
Person_B,4,3,50,-1,0,0,0,0,0,0,0,0,0,bad
Person_B,4,3,51,0,0.081803791,0.8687307834625244,0,-0.12173257,0.8725737988240236,5.379378837994838,0,342,611,bad
Person_B,4,3,51,1,0.38175103068351746,0.7846344113349915,0,-0.12173257,0.8725737842033398,25.944479808920615,0,342,611,bad
Person_B,4,3,52,0,0.081803791,0.8687307834625244,0,-0.12173257,0.8725737988240236,5.379378837994838,0,357,632,bad
Person_B,4,3,53,-1,0,0,0,0,0,0,0,0,0,bad
Person_B,4,3,54,-1,0,0,0,0,0,0,0,0,0,bad
Person_B,4,3,55,0,-0.043628689,1.395436168,0,0.12173257023096085,1.396118032,-1.790784677,0,292,536,bad
Person_B,4,3,55,1,0.5235442519187927,1.2942360639572144,0,0.12173257023096085,1.3961180369025648,22.02431233452533,0,292,536,bad
Person_B,4,3,56,-1,0,0,0,0,0,0,0,0,0,bad
Person_B,4,3,57,0,0.051809069,0.8273245096206665,0,-0.12173257,0.8289451271500483,3.5833215863812433,0,324,504,bad
Person_B,4,3,58,0,0.077713601,0.8252942562103271,0,0.12173257023096085,0.8289451207163243,5.379378735113049,0,448,551,bad
Person_B,4,3,59,0,0.081803791,0.8687307834625244,0,0.2434651404619217,0.8725737988240236,5.379378837994838,0,429,504,bad
Person_B,4,3,60,0,0,1.0907171964645386,0,0.12173257023096085,1.0907171964645386,0,0,476,504,bad
Person_B,4,3,61,0,0.035448309034109116,1.1337918043136597,0,0.12173257023096085,1.1343458194669744,1.7907847713268152,0,416,541,bad
Person_B,4,3,61,1,0.17178796231746674,0.899953306,0,0.2434651404619217,0.9162025193568573,10.806922246612565,0,295,558,bad
Person_B,4,3,61,2,0.076350205,0.6060109734535217,0,0.36519771814346313,0.6108016484061424,7.180755656904158,0,327,431,bad
Person_B,4,3,61,3,-0.171787962,0.586146355,0,0.36519771814346313,0.6108016479155256,-16.33482269,0,327,431,bad
Person_B,4,3,62,0,-0.184058532,0.6280139088630676,0,0.36519771814346313,0.6544302964955059,-16.33482382,0,387,426,bad
Person_B,4,3,63,-1,0,0,0,0,0,0,0,0,0,bad
Person_B,4,3,64,-1,0,0,0,0,0,0,0,0,0,bad
Person_B,4,4,65,-1,0,0,0,0,0,0,0,0,0,bad
Person_B,4,4,66,0,-0.218143448,0.6630986332893372,0,-0.12173257,0.6980589956998148,-18.20995793,0,333,424,bad
Person_B,4,4,67,0,-0.196329102,0.6698815226554871,0,-0.12173257,0.6980590022741615,-16.33482344,0,359,425,bad
Person_B,4,4,68,0,-0.196329102,0.6698815226554871,0,-0.12173257,0.6980590022741615,-16.33482344,0,350,432,bad
Person_B,4,4,69,0,-0.196329102,0.6698815226554871,0,-0.12173257,0.6980590022741615,-16.33482344,0,292,428,bad
Person_B,4,4,69,1,0.021814344450831413,0.697718084,0,-0.12173257,0.698059016,1.7907846772274223,0,292,428,bad
Person_B,4,4,69,2,0,1.1343458890914917,0,-0.12173257,1.1343458890914917,0,0,296,695,bad
Person_B,4,4,70,0,-0.171787962,0.586146355,0,-0.24346514,0.6108016479155256,-16.33482269,0,310,444,bad
Person_B,4,4,70,1,0.057262652,0.60811156,0,-0.24346514,0.6108016708356955,5.379378524415086,0,310,444,bad
Person_B,4,4,70,2,0.14997361600399017,0.948042095,0,-0.12173257,0.9598311824663105,8.989298977325161,0,307,594,bad
Person_B,4,4,71,0,-0.163607582,0.6336494088172913,0,-0.12173257,0.6544302975333643,-14.47751293,0,410,439,bad
Person_B,4,4,71,1,0.061352841556072235,0.6515480279922485,0,-0.12173257,0.6544302896012626,5.379379164864534,0,410,439,bad
Person_B,4,4,72,0,0.081803791,0.6492974162101746,0,-0.12173257,0.6544302827314648,7.180756308841686,0,332,440,bad
Person_B,4,4,72,1,0.11452531069517136,0.90901649,0,-0.12173257,0.9162025026434499,7.180755655076955,0,296,612,bad
Person_B,4,4,73,-1,0,0,0,0,0,0,0,0,0,bad
Person_B,4,4,74,-1,0,0,0,0,0,0,0,0,0,bad
Person_B,4,4,75,-1,0,0,0,0,0,0,0,0,0,bad
Person_B,4,4,76,-1,0,0,0,0,0,0,0,0,0,bad
Person_B,4,4,77,0,-0.070896618,1.132128119468689,0,0.12173257023096085,1.1343458067737637,-3.583321963,0,311,596,bad
Person_B,4,4,78,-1,0,0,0,0,0,0,0,0,0,bad
Person_B,4,4,79,-1,0,0,0,0,0,0,0,0,0,bad
Person_B,4,4,80,0,-0.070896618,1.132128119468689,0,-0.12173257,1.1343458067737637,-3.583321963,0,328,543,bad
Person_B,4,4,81,0,-0.070896618,1.132128119468689,0,-0.12173257,1.1343458067737637,-3.583321963,0,332,521,bad
Person_B,4,4,82,-1,0,0,0,0,0,0,0,0,0,bad
Person_B,4,4,83,0,0.085893981,0.9121673107147217,0,0.12173257023096085,0.916202477,5.3793789310783655,0,331,625,bad
Person_B,4,4,84,0,0.11452531069517136,0.90901649,0,0.12173257023096085,0.9162025026434499,7.180755655076955,0,321,597,bad
Person_B,4,4,84,1,0.095437758,0.6032994985580444,0,0.2434651404619217,0.6108016458308158,8.989299403852012,0,354,436,bad
Person_B,4,4,85,0,0.081803791,0.6492974162101746,0,0.12173257023096085,0.6544302827314648,7.180756308841686,0,350,432,bad
Person_B,4,4,86,0,0.061352841556072235,0.6515480279922485,0,0.12173257023096085,0.6544302896012626,5.379379164864534,0,305,429,bad
Person_B,4,4,86,1,-0.184058532,0.6280139088630676,0,0.12173257023096085,0.6544302964955059,-16.33482382,0,305,429,bad
Person_B,4,4,87,0,-0.184058532,0.6280139088630676,0,0.12173257023096085,0.6544302964955059,-16.33482382,0,337,435,bad
Person_B,4,4,88,0,-0.196329102,0.6698815226554871,0,0.12173257023096085,0.6980590022741615,-16.33482344,0,340,443,bad
Person_B,4,4,89,-1,0,0,0,0,0,0,0,0,0,bad
Person_B,4,5,90,-1,0,0,0,0,0,0,0,0,0,bad
Person_B,4,5,91,0,-0.196329102,0.6698815226554871,0,-0.12173257,0.6980590022741615,-16.33482344,0,297,430,bad
Person_B,4,5,92,0,-0.184058532,0.6280139088630676,0,-0.12173257,0.6544302964955059,-16.33482382,0,345,431,bad
Person_B,4,5,93,0,-0.184058532,0.6280139088630676,0,-0.12173257,0.6544302964955059,-16.33482382,0,346,428,bad
Person_B,4,5,94,0,0.061352841556072235,0.6515480279922485,0,-0.24346514,0.6544302896012626,5.379379164864534,0,307,448,bad
Person_B,4,5,94,1,0.11452531069517136,0.90901649,0,-0.12173257,0.9162025026434499,7.180755655076955,0,378,536,bad
Person_B,4,5,95,0,0.11452530324459076,0.5999688506126404,0,-0.24346514,0.6108016591240714,10.806922138393345,0,413,436,bad
Person_B,4,5,95,1,0.11452531069517136,0.90901649,0,-0.12173257,0.9162025026434499,7.180755655076955,0,309,606,bad
Person_B,4,5,96,-1,0,0,0,0,0,0,0,0,0,bad
Person_B,4,5,97,-1,0,0,0,0,0,0,0,0,0,bad
Person_B,4,5,98,0,0.081803791,0.8687307834625244,0,-0.12173257,0.8725737988240236,5.379378837994838,0,309,641,bad
Person_B,4,5,99,0,0.054535862,0.870867908,0,-0.12173257,0.8725738211958901,3.583321586356074,0,333,624,bad
Person_B,4,5,100,-1,0,0,0,0,0,0,0,0,0,bad
Person_B,4,5,101,-1,0,0,0,0,0,0,0,0,0,bad
Person_B,4,5,102,0,-0.070896618,1.132128119468689,0,-0.12173257,1.1343458067737637,-3.583321963,0,312,584,bad
Person_B,4,5,103,0,0.081803791,0.8687307834625244,0,0.12173257023096085,0.8725737988240236,5.379378837994838,0,413,567,bad
Person_B,4,5,104,0,0.085893981,0.9121673107147217,0,0.2434651404619217,0.916202477,5.3793789310783655,0,451,505,bad
Person_B,4,5,105,0,0,1.1343458890914917,0,0.12173257023096085,1.1343458890914917,0,0,325,538,bad
Person_B,4,5,105,1,0.085893981,0.9121673107147217,0,0.2434651404619217,0.916202477,5.3793789310783655,0,377,536,bad
Person_B,4,5,105,2,0.11452530324459076,0.5999688506126404,0,0.4869302809238434,0.6108016591240714,10.806922138393345,0,331,445,bad
Person_B,4,5,106,0,0.14997361600399017,0.948042095,0,0.2434651404619217,0.9598311824663105,8.989298977325161,0,295,565,bad
Person_B,4,5,107,0,0.081803791,0.6492974162101746,0,0.12173257023096085,0.6544302827314648,7.180756308841686,0,306,436,bad
Person_B,4,5,107,1,-0.163607582,0.6336494088172913,0,0.12173257023096085,0.6544302975333643,-14.47751293,0,306,436,bad
Person_B,4,5,108,0,0,1.1343458890914917,0,0.12173257023096085,1.1343458890914917,0,0,382,541,bad
Person_B,4,5,109,-1,0,0,0,0,0,0,0,0,0,bad
Person_B,4,5,110,-1,0,0,0,0,0,0,0,0,0,bad
Person_B,4,6,111,-1,0,0,0,0,0,0,0,0,0,bad
Person_B,4,6,112,0,0.036811706,1.1773992776870728,0,-0.12173257,1.177974601072967,1.7907846319424352,0,311,574,bad
Person_B,4,6,113,0,-0.218143448,0.6630986332893372,0,-0.24346514,0.6980589956998148,-18.20995793,0,300,438,bad
Person_B,4,6,114,0,-0.163607582,0.6336494088172913,0,-0.24346514,0.6544302975333643,-14.47751293,0,298,437,bad
Person_B,4,6,115,0,-0.184058532,0.6280139088630676,0,-0.24346514,0.6544302964955059,-16.33482382,0,410,445,bad
Person_B,4,6,116,0,0.076350205,0.6060109734535217,0,-0.24346514,0.6108016484061424,7.180755656904158,0,347,437,bad
Person_B,4,6,116,1,-0.171787962,0.586146355,0,-0.24346514,0.6108016479155256,-16.33482269,0,347,437,bad
Person_B,4,6,116,2,0.11452531069517136,0.90901649,0,-0.24346514,0.9162025026434499,7.180755655076955,0,295,626,bad
Person_B,4,6,117,0,0.095437758,0.6032994985580444,0,-0.24346514,0.6108016458308158,8.989299403852012,0,432,425,bad
Person_B,4,6,117,1,-0.152700409,0.5914061069488525,0,-0.24346514,0.6108016030878608,-14.47751303,0,432,425,bad
Person_B,4,6,118,0,0.12406907975673676,0.5534365177154541,0,-0.24346514,0.5671729151614097,12.635625580079946,0,386,443,bad
Person_B,4,6,119,0,0.054535862,0.870867908,0,-0.12173257,0.8725738211958901,3.583321586356074,0,315,625,bad
Person_B,4,6,119,1,0.38175103068351746,0.7846344113349915,0,-0.12173257,0.8725737842033398,25.944479808920615,0,315,625,bad
Person_B,4,6,120,-1,0,0,0,0,0,0,0,0,0,bad
Person_B,4,6,121,-1,0,0,0,0,0,0,0,0,0,bad
Person_B,4,6,122,-1,0,0,0,0,0,0,0,0,0,bad
Person_B,4,6,123,-1,0,0,0,0,0,0,0,0,0,bad
Person_B,4,6,124,-1,0,0,0,0,0,0,0,0,0,bad
Person_B,4,6,125,0,0.081803791,0.8687307834625244,0,0.12173257023096085,0.8725737988240236,5.379378837994838,0,303,642,bad
Person_B,4,6,126,0,0.081803791,0.8687307834625244,0,0.12173257023096085,0.8725737988240236,5.379378837994838,0,377,602,bad
Person_B,4,6,127,0,0.085893981,0.9121673107147217,0,0.12173257023096085,0.916202477,5.3793789310783655,0,325,596,bad
Person_B,4,6,128,0,0.11452530324459076,0.5999688506126404,0,0.2434651404619217,0.6108016591240714,10.806922138393345,0,316,445,bad
Person_B,4,6,129,0,0.061352841556072235,0.6515480279922485,0,0.2434651404619217,0.6544302896012626,5.379379164864534,0,348,437,bad
Person_B,4,6,129,1,-0.184058532,0.6280139088630676,0,0.2434651404619217,0.6544302964955059,-16.33482382,0,348,437,bad
Person_B,4,6,130,0,-0.171787962,0.586146355,0,0.12173257023096085,0.6108016479155256,-16.33482269,0,326,422,bad
Person_B,4,6,130,1,0.076350205,0.6060109734535217,0,0.12173257023096085,0.6108016484061424,7.180755656904158,0,326,422,bad
Person_B,4,6,131,0,-0.171787962,0.586146355,0,0.12173257023096085,0.6108016479155256,-16.33482269,0,306,437,bad
Person_B,4,6,132,-1,0,0,0,0,0,0,0,0,0,bad
Person_B,4,6,133,-1,0,0,0,0,0,0,0,0,0,bad
Person_B,4,6,134,0,-0.184058532,0.6280139088630676,0,0.12173257023096085,0.6544302964955059,-16.33482382,0,303,426,bad
Person_B,4,6,135,0,-0.218143448,0.6630986332893372,0,0.12173257023096085,0.6980589956998148,-18.20995793,0,354,434,bad
Person_B,4,7,136,0,-0.196329102,0.6698815226554871,0,-0.12173257,0.6980590022741615,-16.33482344,0,363,437,bad
Person_B,4,7,137,0,-0.184058532,0.6280139088630676,0,-0.24346514,0.6544302964955059,-16.33482382,0,356,435,bad
Person_B,4,7,138,0,-0.184058532,0.6280139088630676,0,-0.12173257,0.6544302964955059,-16.33482382,0,365,425,bad
Person_B,4,7,139,0,-0.184058532,0.6280139088630676,0,-0.12173257,0.6544302964955059,-16.33482382,0,379,425,bad
Person_B,4,7,139,1,0.061352841556072235,0.6515480279922485,0,-0.12173257,0.6544302896012626,5.379379164864534,0,379,425,bad
Person_B,4,7,139,2,0.11452531069517136,0.90901649,0,-0.12173257,0.9162025026434499,7.180755655076955,0,307,599,bad
Person_B,4,7,140,0,0.076350205,0.6060109734535217,0,-0.24346514,0.6108016484061424,7.180755656904158,0,382,444,bad
Person_B,4,7,140,1,-0.171787962,0.586146355,0,-0.24346514,0.6108016479155256,-16.33482269,0,382,444,bad
Person_B,4,7,140,2,0.11452531069517136,0.90901649,0,-0.12173257,0.9162025026434499,7.180755655076955,0,299,621,bad
Person_B,4,7,141,0,0.11452530324459076,0.5999688506126404,0,-0.24346514,0.6108016591240714,10.806922138393345,0,406,449,bad
Person_B,4,7,142,0,0.081803791,0.8687307834625244,0,-0.24346514,0.8725737988240236,5.379378837994838,0,299,623,bad
Person_B,4,7,143,0,0.081803791,0.8687307834625244,0,-0.12173257,0.8725737988240236,5.379378837994838,0,300,675,bad
Person_B,4,7,144,-1,0,0,0,0,0,0,0,0,0,bad
Person_B,4,7,145,-1,0,0,0,0,0,0,0,0,0,bad
Person_B,4,7,146,-1,0,0,0,0,0,0,0,0,0,bad
Person_B,4,7,147,-1,0,0,0,0,0,0,0,0,0,bad
Person_B,4,7,148,0,0.081803791,0.8687307834625244,0,0.12173257023096085,0.8725737988240236,5.379378837994838,0,398,590,bad
Person_B,4,7,149,0,0.081803791,0.8687307834625244,0,0.2434651404619217,0.8725737988240236,5.379378837994838,0,362,580,bad
Person_B,4,7,150,0,0,1.1343458890914917,0,0.12173257023096085,1.1343458890914917,0,0,336,568,bad
Person_B,4,7,150,1,0.11452531069517136,0.90901649,0,0.2434651404619217,0.9162025026434499,7.180755655076955,0,374,533,bad
Person_B,4,7,150,2,0.095437758,0.6032994985580444,0,0.36519771814346313,0.6108016458308158,8.989299403852012,0,323,448,bad
Person_B,4,7,151,0,0,1.1343458890914917,0,0.12173257023096085,1.1343458890914917,0,0,297,621,bad
Person_B,4,7,152,0,-0.184058532,0.6280139088630676,0,0.2434651404619217,0.6544302964955059,-16.33482382,0,335,419,bad
Person_B,4,7,152,1,0.061352841556072235,0.6515480279922485,0,0.2434651404619217,0.6544302896012626,5.379379164864534,0,335,419,bad
Person_B,4,7,153,0,-0.196329102,0.6698815226554871,0,0.12173257023096085,0.6980590022741615,-16.33482344,0,366,450,bad
Person_B,4,7,154,0,0,1.1779745817184448,0,0.12173257023096085,1.1779745817184448,0,0,319,492,bad
Person_B,4,8,155,0,-0.218143448,0.6630986332893372,0,-0.12173257,0.6980589956998148,-18.20995793,0,335,422,bad
Person_B,4,8,156,-1,0,0,0,0,0,0,0,0,0,bad
Person_B,4,8,157,0,-0.218143448,0.6630986332893372,0,-0.12173257,0.6980589956998148,-18.20995793,0,321,429,bad
Person_B,4,8,158,0,-0.184058532,0.6280139088630676,0,-0.24346514,0.6544302964955059,-16.33482382,0,363,437,bad
Person_B,4,8,158,1,0,1.1343458890914917,0,-0.12173257,1.1343458890914917,0,0,295,671,bad
Person_B,4,8,159,0,-0.171787962,0.586146355,0,-0.365197718,0.6108016479155256,-16.33482269,0,362,442,bad
Person_B,4,8,159,1,0.057262652,0.60811156,0,-0.365197718,0.6108016708356955,5.379378524415086,0,362,442,bad
Person_B,4,8,159,2,0.11452531069517136,0.90901649,0,-0.24346514,0.9162025026434499,7.180755655076955,0,317,583,bad
Person_B,4,8,159,3,0,1.1343458890914917,0,-0.12173257,1.1343458890914917,0,0,300,570,bad
Person_B,4,8,160,0,0.095437758,0.6032994985580444,0,-0.365197718,0.6108016458308158,8.989299403852012,0,355,441,bad
Person_B,4,8,160,1,0.11452531069517136,0.90901649,0,-0.24346514,0.9162025026434499,7.180755655076955,0,323,577,bad
Person_B,4,8,160,2,0.035448309034109116,1.1337918043136597,0,-0.12173257,1.1343458194669744,1.7907847713268152,0,316,583,bad
Person_B,4,8,161,0,0.081803791,0.8687307834625244,0,-0.12173257,0.8725737988240236,5.379378837994838,0,393,528,bad
Person_B,4,8,162,0,0.081803791,0.8687307834625244,0,-0.12173257,0.8725737988240236,5.379378837994838,0,302,646,bad
Person_B,4,8,163,-1,0,0,0,0,0,0,0,0,0,bad
Person_B,4,8,164,-1,0,0,0,0,0,0,0,0,0,bad
Person_B,4,8,165,0,-0.035448309,1.1337918043136597,0,-0.12173257,1.1343458194669744,-1.790784771,0,303,556,bad
Person_B,4,8,166,-1,0,0,0,0,0,0,0,0,0,bad
Person_B,4,8,167,-1,0,0,0,0,0,0,0,0,0,bad
Person_B,4,8,168,0,0.081803791,0.8687307834625244,0,0.12173257023096085,0.8725737988240236,5.379378837994838,0,403,577,bad
Person_B,4,8,169,0,0.11452531069517136,0.90901649,0,0,0.9162025026434499,7.180755655076955,0,347,441,bad
Person_B,4,8,169,1,0.11452531069517136,0.90901649,0,0.2434651404619217,0.9162025026434499,7.180755655076955,0,453,482,bad
Person_B,4,8,170,0,0,1.1343458890914917,0,0.12173257023096085,1.1343458890914917,0,0,351,550,bad
Person_B,4,8,170,1,0.14315663278102875,0.9049492478370667,0,0.2434651404619217,0.9162024681641471,8.989299174,0,350,537,bad
Person_B,4,8,170,2,0.10907172411680222,0.6894851326942444,0,0.36519771814346313,0.6980590155625895,8.989299599343493,0,301,437,bad
Person_B,4,8,171,0,-0.115888707,0.7325779795646667,0,0.2434651404619217,0.7416877298647528,-8.98929932,0,300,439,bad
Person_B,4,8,171,1,0.1854219287633896,0.7181360721588135,0,0.2434651404619217,0.7416877441363205,14.477511622388006,0,300,439,bad
Person_B,4,8,172,-1,0,0,0,0,0,0,0,0,0,bad
Person_B,4,8,173,-1,0,0,0,0,0,0,0,0,0,bad
Person_B,4,9,174,0,-0.208599672,0.7117491364479065,0,-0.12173257,0.7416877080528171,-16.33482311,0,294,426,bad
Person_B,4,9,175,0,-0.208599672,0.7117491364479065,0,-0.12173257,0.7416877080528171,-16.33482311,0,359,440,bad
Person_B,4,9,176,0,0,1.1779745817184448,0,0.12173257023096085,1.1779745817184448,0,0,307,536,bad
Person_B,4,9,177,0,-0.218143448,0.6630986332893372,0,-0.12173257,0.6980589956998148,-18.20995793,0,334,443,bad
Person_B,4,9,178,0,-0.196329102,0.6698815226554871,0,-0.24346514,0.6980590022741615,-16.33482344,0,372,438,bad
Person_B,4,9,179,0,-0.184058532,0.6280139088630676,0,-0.24346514,0.6544302964955059,-16.33482382,0,371,431,bad
Person_B,4,9,179,1,0.1199788972735405,0.9523029923439026,0,-0.12173257,0.9598311961059224,7.180755654910846,0,304,572,bad
Person_B,4,9,179,2,-0.389931411,0.8770572543144226,0,-0.12173257,0.9598311998887626,-23.9694814,0,304,572,bad
Person_B,4,9,180,0,-0.163607582,0.6336494088172913,0,-0.24346514,0.6544302975333643,-14.47751293,0,379,421,bad
Person_B,4,9,180,1,0.081803791,0.6492974162101746,0,-0.24346514,0.6544302827314648,7.180756308841686,0,379,421,bad
Person_B,4,9,180,2,0.14997361600399017,0.948042095,0,-0.12173257,0.9598311824663105,8.989298977325161,0,342,567,bad
Person_B,4,9,181,0,0.095437758,0.6032994985580444,0,-0.24346514,0.6108016458308158,8.989299403852012,0,383,420,bad
Person_B,4,9,182,0,0.085893981,0.9121673107147217,0,-0.12173257,0.916202477,5.3793789310783655,0,324,618,bad
Person_B,4,9,183,0,-0.070896618,1.132128119468689,0,0.12173257023096085,1.1343458067737637,-3.583321963,0,299,527,bad
Person_B,4,9,183,1,0.081803791,0.8687307834625244,0,-0.12173257,0.8725737988240236,5.379378837994838,0,311,637,bad
Person_B,4,9,184,0,0.081803791,0.8687307834625244,0,-0.12173257,0.8725737988240236,5.379378837994838,0,329,614,bad
Person_B,4,9,185,-1,0,0,0,0,0,0,0,0,0,bad
Person_B,4,9,186,-1,0,0,0,0,0,0,0,0,0,bad
Person_B,4,9,187,-1,0,0,0,0,0,0,0,0,0,bad
Person_B,4,9,188,-1,0,0,0,0,0,0,0,0,0,bad
Person_B,4,9,189,-1,0,0,0,0,0,0,0,0,0,bad
Person_B,4,9,190,0,0.081803791,0.8687307834625244,0,0.12173257023096085,0.8725737988240236,5.379378837994838,0,307,654,bad
Person_B,4,9,191,0,0.081803791,0.8687307834625244,0,0.12173257023096085,0.8725737988240236,5.379378837994838,0,375,574,bad
Person_B,4,9,192,0,0.11452531069517136,0.90901649,0,0.12173257023096085,0.9162025026434499,7.180755655076955,0,360,556,bad
Person_B,4,9,192,1,0.095437758,0.6032994985580444,0,0.2434651404619217,0.6108016458308158,8.989299403852012,0,380,440,bad
Person_B,4,9,193,0,0.076350205,0.6060109734535217,0,0.2434651404619217,0.6108016484061424,7.180755656904158,0,318,441,bad
Person_B,4,9,193,1,-0.152700409,0.5914061069488525,0,0.2434651404619217,0.6108016030878608,-14.47751303,0,318,441,bad
Person_B,4,9,194,0,0,1.1343458890914917,0,0.12173257023096085,1.1343458890914917,0,0,293,638,bad
Person_B,4,9,194,1,-0.184058532,0.6280139088630676,0,0.2434651404619217,0.6544302964955059,-16.33482382,0,386,431,bad
Person_B,4,9,195,0,0.035448309034109116,1.1337918043136597,0,0.12173257023096085,1.1343458194669744,1.7907847713268152,0,360,610,bad
Person_B,4,9,196,0,-0.208599672,0.7117491364479065,0,0.12173257023096085,0.7416877080528171,-16.33482311,0,391,415,bad
Person_B,4,9,197,0,-0.231777415,0.704542339,0,0.12173257023096085,0.741687722,-18.20995701,0,356,422,bad
Person_B,4,10,198,-1,0,0,0,0,0,0,0,0,0,bad
Person_B,4,10,199,-1,0,0,0,0,0,0,0,0,0,bad
Person_B,4,10,200,0,-0.196329102,0.6698815226554871,0,-0.24346514,0.6980590022741615,-16.33482344,0,373,426,bad
Person_B,4,10,200,1,0,1.1343458890914917,0,-0.12173257,1.1343458890914917,0,0,314,673,bad
Person_B,4,10,201,0,-0.184058532,0.6280139088630676,0,-0.365197718,0.6544302964955059,-16.33482382,0,387,436,bad
Person_B,4,10,201,1,0,1.1343458890914917,0,-0.12173257,1.1343458890914917,0,0,372,633,bad
Person_B,4,10,202,0,-0.171787962,0.586146355,0,-0.365197718,0.6108016479155256,-16.33482269,0,389,435,bad
Person_B,4,10,202,1,0.057262652,0.60811156,0,-0.365197718,0.6108016708356955,5.379378524415086,0,389,435,bad
Person_B,4,10,203,0,0.088620774,0.5602066516876221,0,-0.365197718,0.5671729315286524,8.989299754,0,373,425,bad
Person_B,4,10,203,1,-0.159517393,0.5442787408828735,0,-0.365197718,0.567172942,-16.33482307,0,373,425,bad
Person_B,4,10,203,2,0,1.0907171964645386,0,-0.12173257,1.0907171964645386,0,0,321,638,bad
Person_B,4,10,204,0,0.10634492337703705,0.5571138858795166,0,-0.12173257,0.5671729229854356,10.806922919838126,0,427,433,bad
Person_B,4,10,205,0,0,1.0907171964645386,0,0.12173257023096085,1.0907171964645386,0,0,343,555,bad
Person_B,4,10,206,-1,0,0,0,0,0,0,0,0,0,bad
Person_B,4,10,207,0,0.081803791,0.8687307834625244,0,0.12173257023096085,0.8725737988240236,5.379378837994838,0,303,586,bad
Person_B,4,10,208,0,0.054535862,0.870867908,0,0.12173257023096085,0.8725738211958901,3.583321586356074,0,331,493,bad
Person_B,4,10,208,1,0.081803791,0.8687307834625244,0,-0.12173257,0.8725737988240236,5.379378837994838,0,296,477,bad
Person_B,4,10,209,0,0.027267931029200554,0.8721476197242737,0,0.12173257023096085,0.8725737852200979,1.7907846772124882,0,327,496,bad
Person_B,4,10,209,1,0.35448309779167175,0.7973247170448303,0,0.12173257023096085,0.8725737625155816,23.96948283162087,0,327,496,bad
Person_B,4,10,210,-1,0,0,0,0,0,0,0,0,0,bad
Person_B,4,10,211,-1,0,0,0,0,0,0,0,0,0,bad
Person_B,4,10,212,-1,0,0,0,0,0,0,0,0,0,bad
Person_B,4,10,213,-1,0,0,0,0,0,0,0,0,0,bad
Person_B,4,10,214,0,0.10907172411680222,0.8657299280166626,0,-0.12173257,0.8725737500438273,7.180756144,0,325,471,bad
Person_B,4,10,215,0,0.085893981,0.9121673107147217,0,0.12173257023096085,0.916202477,5.3793789310783655,0,353,609,bad
Person_B,4,10,216,0,0.11452531069517136,0.90901649,0,0.12173257023096085,0.9162025026434499,7.180755655076955,0,354,576,bad
Person_B,4,10,217,0,0.081803791,0.6492974162101746,0,0.12173257023096085,0.6544302827314648,7.180756308841686,0,340,419,bad
Person_B,4,10,218,0,0.1199788972735405,0.9523029923439026,0,0.12173257023096085,0.9598311961059224,7.180755654910846,0,312,588,bad
Person_B,4,10,219,0,-0.184058532,0.6280139088630676,0,0.12173257023096085,0.6544302964955059,-16.33482382,0,330,437,bad
Person_B,4,10,220,0,0,1.1343458890914917,0,0.12173257023096085,1.1343458890914917,0,0,302,691,bad
Person_B,4,11,221,0,0,1.1343458890914917,0,0.12173257023096085,1.1343458890914917,0,0,301,506,bad
Person_B,4,11,221,1,0,1.1343458890914917,0,-0.12173257,1.1343458890914917,0,0,378,484,bad
Person_B,4,11,222,0,0,1.1343458890914917,0,-0.12173257,1.1343458890914917,0,0,433,472,bad
Person_B,4,11,223,0,-0.218143448,0.6630986332893372,0,0.12173257023096085,0.6980589956998148,-18.20995793,0,309,420,bad
Person_B,4,11,224,0,-0.196329102,0.6698815226554871,0,-0.12173257,0.6980590022741615,-16.33482344,0,362,435,bad
Person_B,4,11,225,0,-0.184058532,0.6280139088630676,0,-0.12173257,0.6544302964955059,-16.33482382,0,326,428,bad
Person_B,4,11,226,0,-0.184058532,0.6280139088630676,0,-0.12173257,0.6544302964955059,-16.33482382,0,431,433,bad
Person_B,4,11,227,0,-0.152700409,0.5914061069488525,0,-0.24346514,0.6108016030878608,-14.47751303,0,328,427,bad
Person_B,4,11,227,1,0.14997361600399017,0.948042095,0,-0.12173257,0.9598311824663105,8.989298977325161,0,298,605,bad
Person_B,4,11,228,0,0.081803791,0.6492974162101746,0,-0.24346514,0.6544302827314648,7.180756308841686,0,408,448,bad
Person_B,4,11,229,0,0.085893981,0.9121673107147217,0,-0.12173257,0.916202477,5.3793789310783655,0,312,636,bad
Person_B,4,11,230,-1,0,0,0,0,0,0,0,0,0,bad
Person_B,4,11,231,-1,0,0,0,0,0,0,0,0,0,bad
Person_B,4,11,232,-1,0,0,0,0,0,0,0,0,0,bad
Person_B,4,11,233,-1,0,0,0,0,0,0,0,0,0,bad
Person_B,4,11,234,-1,0,0,0,0,0,0,0,0,0,bad
Person_B,4,11,235,0,-0.070896618,1.132128119468689,0,-0.12173257,1.1343458067737637,-3.583321963,0,299,541,bad
Person_B,4,11,236,-1,0,0,0,0,0,0,0,0,0,bad
Person_B,4,11,237,-1,0,0,0,0,0,0,0,0,0,bad
Person_B,4,11,238,0,0.085893981,0.9121673107147217,0,0.12173257023096085,0.916202477,5.3793789310783655,0,309,653,bad
Person_B,4,11,238,1,-0.035448309,1.1337918043136597,0,-0.12173257,1.1343458194669744,-1.790784771,0,311,536,bad
Person_B,4,11,239,0,0.085893981,0.9121673107147217,0,0.12173257023096085,0.916202477,5.3793789310783655,0,354,587,bad
Person_B,4,11,240,0,0.11452531069517136,0.90901649,0,0.12173257023096085,0.9162025026434499,7.180755655076955,0,325,578,bad
Person_B,4,11,240,1,0.061352841556072235,0.6515480279922485,0,0.2434651404619217,0.6544302896012626,5.379379164864534,0,315,446,bad
Person_B,4,11,241,0,0.081803791,0.6492974162101746,0,0.12173257023096085,0.6544302827314648,7.180756308841686,0,378,414,bad
Person_B,4,11,241,1,-0.163607582,0.6336494088172913,0,0.12173257023096085,0.6544302975333643,-14.47751293,0,378,414,bad
Person_B,4,11,242,0,-0.184058532,0.6280139088630676,0,0.12173257023096085,0.6544302964955059,-16.33482382,0,357,436,bad
Person_B,4,11,243,0,-0.184058532,0.6280139088630676,0,0.12173257023096085,0.6544302964955059,-16.33482382,0,293,432,bad
Person_B,4,11,244,0,-0.218143448,0.6630986332893372,0,0.12173257023096085,0.6980589956998148,-18.20995793,0,316,443,bad
Person_B,4,12,245,-1,0,0,0,0,0,0,0,0,0,bad
Person_B,4,12,246,0,0.098164544,1.0424768924713135,0,-0.12173257,1.047088510556329,5.379378757893409,0,293,465,bad
Person_B,4,12,247,-1,0,0,0,0,0,0,0,0,0,bad
Person_B,4,12,248,0,0,1.1343458890914917,0,-0.12173257,1.1343458890914917,0,0,384,576,bad
Person_B,4,12,249,0,-0.218143448,0.6630986332893372,0,-0.12173257,0.6980589956998148,-18.20995793,0,300,430,bad
Person_B,4,12,250,0,-0.084530585,1.3498451709747314,0,0.12173257023096085,1.3524893364910884,-3.583321744,0,302,599,bad
Person_B,4,12,250,1,-0.171787962,0.586146355,0,-0.12173257,0.6108016479155256,-16.33482269,0,349,422,bad
Person_B,4,12,250,2,-0.185421929,0.7181360721588135,0,-0.12173257,0.7416877441363205,-14.47751162,0,291,431,bad
Person_B,4,12,251,0,-0.152700409,0.6811527013778687,0,-0.24346514,0.6980590358935775,-12.6356247,0,330,427,bad
Person_B,4,12,251,1,0.11452531069517136,0.90901649,0,-0.12173257,0.9162025026434499,7.180755655076955,0,291,603,bad
Person_B,4,12,252,0,0.081803791,0.6492974162101746,0,-0.12173257,0.6544302827314648,7.180756308841686,0,388,438,bad
Person_B,4,12,252,1,-0.184058532,0.6280139088630676,0,-0.12173257,0.6544302964955059,-16.33482382,0,388,438,bad
Person_B,4,12,253,-1,0,0,0,0,0,0,0,0,0,bad
Person_B,4,12,254,-1,0,0,0,0,0,0,0,0,0,bad
Person_B,4,12,255,-1,0,0,0,0,0,0,0,0,0,bad
Person_B,4,12,256,-1,0,0,0,0,0,0,0,0,0,bad
Person_B,4,12,257,0,-0.070896618,1.132128119468689,0,0.12173257023096085,1.1343458067737637,-3.583321963,0,299,561,bad
Person_B,4,12,258,-1,0,0,0,0,0,0,0,0,0,bad
Person_B,4,12,259,-1,0,0,0,0,0,0,0,0,0,bad
Person_B,4,12,260,-1,0,0,0,0,0,0,0,0,0,bad
Person_B,4,12,261,-1,0,0,0,0,0,0,0,0,0,bad
Person_B,4,12,262,-1,0,0,0,0,0,0,0,0,0,bad
Person_B,4,12,263,0,0.081803791,0.8687307834625244,0,0.12173257023096085,0.8725737988240236,5.379378837994838,0,315,615,bad
Person_B,4,12,263,1,0.38175103068351746,0.7846344113349915,0,0.12173257023096085,0.8725737842033398,25.944479808920615,0,315,615,bad
Person_B,4,12,263,2,0,1.0907171964645386,0,-0.12173257,1.0907171964645386,0,0,356,516,bad
Person_B,4,12,264,0,0,1.0907171964645386,0,0.12173257023096085,1.0907171964645386,0,0,381,551,bad
Person_B,4,12,264,1,0.076350205,0.6060109734535217,0,0.36519771814346313,0.6108016484061424,7.180755656904158,0,372,430,bad
Person_B,4,12,265,0,0.035448309034109116,1.1337918043136597,0,0.12173257023096085,1.1343458194669744,1.7907847713268152,0,366,599,bad
Person_B,4,12,265,1,-0.163607582,0.6336494088172913,0,0.36519771814346313,0.6544302975333643,-14.47751293,0,368,436,bad
Person_B,4,12,266,0,0,1.1343458890914917,0,0.12173257023096085,1.1343458890914917,0,0,321,654,bad
Person_B,4,12,267,0,-0.218143448,0.6630986332893372,0,0.2434651404619217,0.6980589956998148,-18.20995793,0,414,419,bad
Person_B,4,12,268,0,-0.218143448,0.6630986332893372,0,0.12173257023096085,0.6980589956998148,-18.20995793,0,374,424,bad
Person_B,4,13,269,0,0.13088606297969818,1.038875937461853,0,-0.12173257,1.0470885229623947,7.180755657817762,0,327,477,bad
Person_B,4,13,270,-1,0,0,0,0,0,0,0,0,0,bad
Person_B,4,13,271,0,-0.239957795,0.6555201411247253,0,-0.12173257,0.698059022,-20.1055103,0,298,432,bad
Person_B,4,13,272,0,-0.239957795,0.6555201411247253,0,-0.12173257,0.698059022,-20.1055103,0,340,430,bad
Person_B,4,13,273,-1,0,0,0,0,0,0,0,0,0,bad
Person_B,4,13,274,0,-0.196329102,0.6698815226554871,0,-0.24346514,0.6980590022741615,-16.33482344,0,374,437,bad
Person_B,4,13,275,0,-0.171787962,0.586146355,0,-0.24346514,0.6108016479155256,-16.33482269,0,416,434,bad
Person_B,4,13,276,0,0.081803791,0.6492974162101746,0,-0.24346514,0.6544302827314648,7.180756308841686,0,400,433,bad
Person_B,4,13,277,-1,0,0,0,0,0,0,0,0,0,bad
Person_B,4,13,278,-1,0,0,0,0,0,0,0,0,0,bad
Person_B,4,13,279,-1,0,0,0,0,0,0,0,0,0,bad
Person_B,4,13,280,-1,0,0,0,0,0,0,0,0,0,bad
Person_B,4,13,281,-1,0,0,0,0,0,0,0,0,0,bad
Person_B,4,13,282,-1,0,0,0,0,0,0,0,0,0,bad
Person_B,4,13,283,-1,0,0,0,0,0,0,0,0,0,bad
Person_B,4,13,284,-1,0,0,0,0,0,0,0,0,0,bad
Person_B,4,13,285,-1,0,0,0,0,0,0,0,0,0,bad
Person_B,4,13,286,-1,0,0,0,0,0,0,0,0,0,bad
Person_B,4,13,287,0,0.081803791,0.8687307834625244,0,0.12173257023096085,0.8725737988240236,5.379378837994838,0,349,605,bad
Person_B,4,13,287,1,-0.035448309,1.1337918043136597,0,-0.12173257,1.1343458194669744,-1.790784771,0,324,562,bad
Person_B,4,13,288,0,0.11452531069517136,0.90901649,0,0.12173257023096085,0.9162025026434499,7.180755655076955,0,394,501,bad
Person_B,4,13,288,1,0.076350205,0.6060109734535217,0,0.36519771814346313,0.6108016484061424,7.180755656904158,0,330,437,bad
Person_B,4,13,289,0,0,1.1343458890914917,0,0.12173257023096085,1.1343458890914917,0,0,367,607,bad
Person_B,4,13,289,1,-0.133612856,0.5960085988044739,0,0.36519771814346313,0.6108016414591577,-12.63562484,0,324,442,bad
Person_B,4,13,290,0,-0.171787962,0.586146355,0,0.2434651404619217,0.6108016479155256,-16.33482269,0,357,430,bad
Person_B,4,13,291,0,-0.184058532,0.6280139088630676,0,0.12173257023096085,0.6544302964955059,-16.33482382,0,388,423,bad
Person_B,4,13,291,1,-0.042265292,1.3518288135528564,0,-0.12173257,1.352489370043735,-1.790784638,0,306,602,bad
Person_B,4,13,292,0,-0.218143448,0.6630986332893372,0,0.12173257023096085,0.6980589956998148,-18.20995793,0,333,433,bad
Person_B,4,13,293,0,0,1.1343458890914917,0,0.12173257023096085,1.1343458890914917,0,0,390,473,bad
Person_B,4,13,294,-1,0,0,0,0,0,0,0,0,0,bad
Person_B,4,14,295,0,-0.239957795,0.6555201411247253,0,-0.12173257,0.698059022,-20.1055103,0,306,427,bad
Person_B,4,14,296,-1,0,0,0,0,0,0,0,0,0,bad
Person_B,4,14,297,-1,0,0,0,0,0,0,0,0,0,bad
Person_B,4,14,298,0,-0.196329102,0.6698815226554871,0,-0.12173257,0.6980590022741615,-16.33482344,0,307,446,bad
Person_B,4,14,299,0,0,1.1343458890914917,0,0.12173257023096085,1.1343458890914917,0,0,297,532,bad
Person_B,4,14,299,1,-0.184058532,0.6280139088630676,0,-0.12173257,0.6544302964955059,-16.33482382,0,370,425,bad
Person_B,4,14,300,0,0.10225474089384079,0.646392286,0,-0.12173257,0.6544303012604261,8.989299915803494,0,356,425,bad
Person_B,4,14,300,1,-0.143156633,0.6385806202888489,0,-0.12173257,0.6544303095958296,-12.63562534,0,356,425,bad
Person_B,4,14,301,0,0.095437758,0.6032994985580444,0,-0.12173257,0.6108016458308158,8.989299403852012,0,438,419,bad
Person_B,4,14,302,0,0.085893981,0.9121673107147217,0,-0.12173257,0.916202477,5.3793789310783655,0,347,596,bad
Person_B,4,14,303,-1,0,0,0,0,0,0,0,0,0,bad
Person_B,4,14,304,-1,0,0,0,0,0,0,0,0,0,bad
Person_B,4,14,305,-1,0,0,0,0,0,0,0,0,0,bad
Person_B,4,14,306,-1,0,0,0,0,0,0,0,0,0,bad
Person_B,4,14,307,-1,0,0,0,0,0,0,0,0,0,bad
Person_B,4,14,308,-1,0,0,0,0,0,0,0,0,0,bad
Person_B,4,14,309,-1,0,0,0,0,0,0,0,0,0,bad
Person_B,4,14,310,0,0.085893981,0.9121673107147217,0,0.12173257023096085,0.916202477,5.3793789310783655,0,329,610,bad
Person_B,4,14,311,0,0.085893981,0.9121673107147217,0,0.12173257023096085,0.916202477,5.3793789310783655,0,338,626,bad
Person_B,4,14,312,0,0.11452531069517136,0.90901649,0,0.12173257023096085,0.9162025026434499,7.180755655076955,0,339,583,bad
Person_B,4,14,312,1,0.081803791,0.6492974162101746,0,0.2434651404619217,0.6544302827314648,7.180756308841686,0,312,444,bad
Person_B,4,14,313,0,0.17996834218502045,0.942808211,0,0.12173257023096085,0.9598311969479602,10.806922447058655,0,297,596,bad
Person_B,4,14,314,0,-0.184058532,0.6280139088630676,0,0.12173257023096085,0.6544302964955059,-16.33482382,0,400,429,bad
Person_B,4,14,314,1,0.061352841556072235,0.6515480279922485,0,0.12173257023096085,0.6544302896012626,5.379379164864534,0,400,429,bad
Person_B,4,14,315,0,-0.184058532,0.6280139088630676,0,0.12173257023096085,0.6544302964955059,-16.33482382,0,331,426,bad
Person_B,4,14,316,-1,0,0,0,0,0,0,0,0,0,bad
Person_B,4,14,317,-1,0,0,0,0,0,0,0,0,0,bad
Person_B,4,14,318,0,0,1.1343458890914917,0,0.12173257023096085,1.1343458890914917,0,0,294,573,bad
Person_B,4,14,319,0,0,1.1779745817184448,0,0.12173257023096085,1.1779745817184448,0,0,298,603,bad
Person_B,4,15,320,0,-0.196329102,0.7603793144226074,0,-0.12173257,0.7853163808698749,-14.47751271,0,304,428,bad
Person_B,4,15,321,0,-0.224960431,0.6145501136779785,0,-0.24346514,0.6544303155743479,-20.10551079,0,300,427,bad
Person_B,4,15,322,0,-0.084530585,1.3498451709747314,0,0.12173257023096085,1.3524893364910884,-3.583321744,0,312,536,bad
Person_B,4,15,322,1,-0.218143448,0.6630986332893372,0,-0.24346514,0.6980589956998148,-18.20995793,0,359,438,bad
Person_B,4,15,323,0,-0.204509482,0.6216549873352051,0,-0.24346514,0.654430326,-18.20995734,0,391,440,bad
Person_B,4,15,324,0,-0.190875515,0.580211341,0,0,0.6108016560424554,-18.20995667,0,302,410,bad
Person_B,4,15,324,1,-0.171787962,0.586146355,0,-0.365197718,0.6108016479155256,-16.33482269,0,440,429,bad
Person_B,4,15,324,2,0,1.0907171964645386,0,-0.12173257,1.0907171964645386,0,0,328,654,bad
Person_B,4,15,325,0,-0.171787962,0.586146355,0,-0.24346514,0.6108016479155256,-16.33482269,0,438,427,bad
Person_B,4,15,326,0,0.088620774,0.5602066516876221,0,-0.12173257,0.5671729315286524,8.989299754,0,463,435,bad
Person_B,4,15,327,0,0,1.0907171964645386,0,0.12173257023096085,1.0907171964645386,0,0,292,545,bad
Person_B,4,15,328,-1,0,0,0,0,0,0,0,0,0,bad
Person_B,4,15,329,-1,0,0,0,0,0,0,0,0,0,bad
Person_B,4,15,330,-1,0,0,0,0,0,0,0,0,0,bad
Person_B,4,15,331,0,0.054535862,0.870867908,0,0.12173257023096085,0.8725738211958901,3.583321586356074,0,338,512,bad
Person_B,4,15,332,-1,0,0,0,0,0,0,0,0,0,bad
Person_B,4,15,333,0,0.027267931029200554,0.8721476197242737,0,0.12173257023096085,0.8725737852200979,1.7907846772124882,0,313,649,bad
Person_B,4,15,334,0,0.054535862,0.870867908,0,0.12173257023096085,0.8725738211958901,3.583321586356074,0,304,651,bad
Person_B,4,15,334,1,0.38175103068351746,0.7846344113349915,0,0.12173257023096085,0.8725737842033398,25.944479808920615,0,304,651,bad
Person_B,4,15,335,-1,0,0,0,0,0,0,0,0,0,bad
Person_B,4,15,336,-1,0,0,0,0,0,0,0,0,0,bad
Person_B,4,15,337,0,0.085893981,0.9121673107147217,0,0.12173257023096085,0.916202477,5.3793789310783655,0,324,603,bad
Person_B,4,15,338,-1,0,0,0,0,0,0,0,0,0,bad
Person_B,4,15,339,0,0.095437758,0.6032994985580444,0,0.12173257023096085,0.6108016458308158,8.989299403852012,0,330,431,bad
Person_B,4,15,339,1,-0.152700409,0.5914061069488525,0,0.12173257023096085,0.6108016030878608,-14.47751303,0,330,431,bad
Person_B,4,15,340,0,-0.171787962,0.586146355,0,0.12173257023096085,0.6108016479155256,-16.33482269,0,309,420,bad
Person_B,4,15,340,1,0.057262652,0.60811156,0,0.12173257023096085,0.6108016708356955,5.379378524415086,0,309,420,bad
Person_B,4,15,340,2,0.14997361600399017,0.948042095,0,0.12173257023096085,0.9598311824663105,8.989298977325161,0,303,590,bad
Person_B,4,15,341,0,0.14997361600399017,0.948042095,0,0.12173257023096085,0.9598311824663105,8.989298977325161,0,322,557,bad
Person_B,4,15,341,1,0,1.1343458890914917,0,0.12173257023096085,1.1343458890914917,0,0,333,667,bad
Person_B,4,15,341,2,-0.171787962,0.586146355,0,0.2434651404619217,0.6108016479155256,-16.33482269,0,298,425,bad
Person_B,4,15,342,0,-0.196329102,0.6698815226554871,0,0.12173257023096085,0.6980590022741615,-16.33482344,0,376,440,bad
Person_B,4,15,343,0,-0.196329102,0.6698815226554871,0,0.12173257023096085,0.6980590022741615,-16.33482344,0,408,422,bad
Person_B,4,15,344,0,-0.218143448,0.6630986332893372,0,0.12173257023096085,0.6980589956998148,-18.20995793,0,351,436,bad
Person_B,4,16,345,-1,0,0,0,0,0,0,0,0,0,bad
Person_B,4,16,346,0,-0.218143448,0.6630986332893372,0,-0.12173257,0.6980589956998148,-18.20995793,0,316,447,bad
Person_B,4,16,347,0,-0.218143448,0.6630986332893372,0,-0.12173257,0.6980589956998148,-18.20995793,0,382,430,bad
Person_B,4,16,348,0,-0.218143448,0.6630986332893372,0,-0.12173257,0.6980589956998148,-18.20995793,0,331,457,bad
Person_B,4,16,349,0,-0.184058532,0.6280139088630676,0,-0.365197718,0.6544302964955059,-16.33482382,0,353,446,bad
Person_B,4,16,349,1,0,1.1343458890914917,0,-0.12173257,1.1343458890914917,0,0,398,588,bad
Person_B,4,16,350,0,-0.163607582,0.6336494088172913,0,-0.365197718,0.6544302975333643,-14.47751293,0,360,442,bad
Person_B,4,16,350,1,0,1.1343458890914917,0,-0.12173257,1.1343458890914917,0,0,386,592,bad
Person_B,4,16,351,0,0.095437758,0.6032994985580444,0,-0.24346514,0.6108016458308158,8.989299403852012,0,430,431,bad
Person_B,4,16,352,-1,0,0,0,0,0,0,0,0,0,bad
Person_B,4,16,353,0,-0.035448309,1.1337918043136597,0,0.12173257023096085,1.1343458194669744,-1.790784771,0,294,576,bad
Person_B,4,16,354,0,0.054535862,0.870867908,0,0.12173257023096085,0.8725738211958901,3.583321586356074,0,309,494,bad
Person_B,4,16,355,-1,0,0,0,0,0,0,0,0,0,bad
Person_B,4,16,356,-1,0,0,0,0,0,0,0,0,0,bad
Person_B,4,16,357,-1,0,0,0,0,0,0,0,0,0,bad
Person_B,4,16,358,-1,0,0,0,0,0,0,0,0,0,bad
Person_B,4,16,359,-1,0,0,0,0,0,0,0,0,0,bad
Person_B,4,16,360,-1,0,0,0,0,0,0,0,0,0,bad
Person_B,4,16,361,0,0.081803791,0.8687307834625244,0,0.12173257023096085,0.8725737988240236,5.379378837994838,0,310,671,bad
Person_B,4,16,362,-1,0,0,0,0,0,0,0,0,0,bad
Person_B,4,16,363,0,0.035448309034109116,1.1337918043136597,0,0.12173257023096085,1.1343458194669744,1.7907847713268152,0,356,595,bad
Person_B,4,16,363,1,0.11452531069517136,0.90901649,0,0.2434651404619217,0.9162025026434499,7.180755655076955,0,300,593,bad
Person_B,4,16,363,2,0.076350205,0.6060109734535217,0,0.36519771814346313,0.6108016484061424,7.180755656904158,0,355,434,bad
Person_B,4,16,364,0,0.035448309034109116,1.1337918043136597,0,0.12173257023096085,1.1343458194669744,1.7907847713268152,0,321,665,bad
Person_B,4,16,364,1,-0.152700409,0.5914061069488525,0,0.2434651404619217,0.6108016030878608,-14.47751303,0,347,453,bad
Person_B,4,16,364,2,0.095437758,0.6032994985580444,0,0.2434651404619217,0.6108016458308158,8.989299403852012,0,347,453,bad
Person_B,4,16,365,0,-0.184058532,0.6280139088630676,0,0.12173257023096085,0.6544302964955059,-16.33482382,0,372,437,bad
Person_B,4,16,366,0,-0.204509482,0.6216549873352051,0,0.12173257023096085,0.654430326,-18.20995734,0,323,438,bad
Person_B,4,16,367,0,0,1.1343458890914917,0,0.12173257023096085,1.1343458890914917,0,0,310,654,bad
Person_B,4,16,368,-1,0,0,0,0,0,0,0,0,0,bad
Person_B,4,16,369,-1,0,0,0,0,0,0,0,0,0,bad
Person_B,4,17,370,-1,0,0,0,0,0,0,0,0,0,bad
Person_B,4,17,371,-1,0,0,0,0,0,0,0,0,0,bad
Person_B,4,17,372,0,-0.218143448,0.6630986332893372,0,-0.12173257,0.6980589956998148,-18.20995793,0,331,442,bad
Person_B,4,17,373,0,-0.184058532,0.6280139088630676,0,-0.12173257,0.6544302964955059,-16.33482382,0,327,440,bad
Person_B,4,17,374,0,-0.204509482,0.6216549873352051,0,-0.12173257,0.654430326,-18.20995734,0,342,427,bad
Person_B,4,17,375,0,-0.171787962,0.586146355,0,-0.12173257,0.6108016479155256,-16.33482269,0,338,420,bad
Person_B,4,17,375,1,0.14315663278102875,0.9049492478370667,0,-0.12173257,0.9162024681641471,8.989299174,0,295,602,bad
Person_B,4,17,376,0,-0.152700409,0.5914061069488525,0,-0.24346514,0.6108016030878608,-14.47751303,0,401,442,bad
Person_B,4,17,376,1,0.076350205,0.6060109734535217,0,-0.24346514,0.6108016484061424,7.180755656904158,0,401,442,bad
Person_B,4,17,377,0,0.12406907975673676,0.5534365177154541,0,-0.24346514,0.5671729151614097,12.635625580079946,0,320,439,bad
Person_B,4,17,377,1,0.11452531069517136,0.90901649,0,-0.12173257,0.9162025026434499,7.180755655076955,0,302,609,bad
Person_B,4,17,378,-1,0,0,0,0,0,0,0,0,0,bad
Person_B,4,17,379,-1,0,0,0,0,0,0,0,0,0,bad
Person_B,4,17,380,-1,0,0,0,0,0,0,0,0,0,bad
Person_B,4,17,381,0,-0.070896618,1.132128119468689,0,0.12173257023096085,1.1343458067737637,-3.583321963,0,350,528,bad
Person_B,4,17,382,-1,0,0,0,0,0,0,0,0,0,bad
Person_B,4,17,383,0,-0.087257378,1.3933885097503662,0,0.12173257023096085,1.3961179710488145,-3.583321892,0,301,540,bad
Person_B,4,17,383,1,0.479915589,1.3110402822494507,0,0.12173257023096085,1.396118044556518,20.105510303760884,0,301,540,bad
Person_B,4,17,383,2,-0.043628689,1.395436168,0,-0.12173257,1.396118032,-1.790784677,0,296,524,bad
Person_B,4,17,383,3,0.5235442519187927,1.2942360639572144,0,-0.12173257,1.3961180369025648,22.02431233452533,0,296,524,bad
Person_B,4,17,384,-1,0,0,0,0,0,0,0,0,0,bad
Person_B,4,17,385,-1,0,0,0,0,0,0,0,0,0,bad
Person_B,4,17,386,-1,0,0,0,0,0,0,0,0,0,bad
Person_B,4,17,387,-1,0,0,0,0,0,0,0,0,0,bad
Person_B,4,17,388,0,0.054535862,0.870867908,0,0.12173257023096085,0.8725738211958901,3.583321586356074,0,316,633,bad
Person_B,4,17,388,1,0.38175103068351746,0.7846344113349915,0,0.12173257023096085,0.8725737842033398,25.944479808920615,0,316,633,bad
Person_B,4,17,388,2,0,1.0907171964645386,0,-0.12173257,1.0907171964645386,0,0,380,483,bad
Person_B,4,17,389,0,0.11452531069517136,0.90901649,0,0.12173257023096085,0.9162025026434499,7.180755655076955,0,360,543,bad
Person_B,4,17,390,0,0,1.0907171964645386,0,0.12173257023096085,1.0907171964645386,0,0,403,594,bad
Person_B,4,17,390,1,0.076350205,0.6060109734535217,0,0.36519771814346313,0.6108016484061424,7.180755656904158,0,374,428,bad
Person_B,4,17,390,2,-0.152700409,0.5914061069488525,0,0.36519771814346313,0.6108016030878608,-14.47751303,0,374,428,bad
Person_B,4,17,391,0,-0.171787962,0.586146355,0,0.2434651404619217,0.6108016479155256,-16.33482269,0,339,440,bad
Person_B,4,17,391,1,0.057262652,0.60811156,0,0.2434651404619217,0.6108016708356955,5.379378524415086,0,339,440,bad
Person_B,4,17,392,0,-0.184058532,0.6280139088630676,0,0.12173257023096085,0.6544302964955059,-16.33482382,0,387,427,bad
Person_B,4,17,393,0,-0.218143448,0.6630986332893372,0,0.12173257023096085,0.6980589956998148,-18.20995793,0,355,428,bad
Person_B,4,17,394,0,-0.184058532,0.6280139088630676,0,0.12173257023096085,0.6544302964955059,-16.33482382,0,300,419,bad
Person_B,4,17,394,1,0,1.1343458890914917,0,-0.12173257,1.1343458890914917,0,0,304,497,bad
Person_B,4,17,395,0,-0.204509482,0.6216549873352051,0,0.12173257023096085,0.654430326,-18.20995734,0,318,422,bad
Person_B,4,17,396,0,-0.239957795,0.6555201411247253,0,0.12173257023096085,0.698059022,-20.1055103,0,300,445,bad
Person_B,4,18,397,-1,0,0,0,0,0,0,0,0,0,bad
Person_B,4,18,398,0,-0.218143448,0.6630986332893372,0,-0.12173257,0.6980589956998148,-18.20995793,0,377,435,bad
Person_B,4,18,399,0,-0.204509482,0.6216549873352051,0,-0.12173257,0.654430326,-18.20995734,0,353,425,bad
Person_B,4,18,400,0,-0.184058532,0.6280139088630676,0,-0.24346514,0.6544302964955059,-16.33482382,0,318,440,bad
Person_B,4,18,401,0,-0.184058532,0.6280139088630676,0,-0.24346514,0.6544302964955059,-16.33482382,0,398,442,bad
Person_B,4,18,402,0,-0.133612856,0.5960085988044739,0,-0.365197718,0.6108016414591577,-12.63562484,0,379,443,bad
Person_B,4,18,402,1,0.095437758,0.6032994985580444,0,-0.365197718,0.6108016458308158,8.989299403852012,0,379,443,bad
Person_B,4,18,402,2,0.035448309034109116,1.1337918043136597,0,-0.12173257,1.1343458194669744,1.7907847713268152,0,317,622,bad
Person_B,4,18,403,0,0.10634492337703705,0.5571138858795166,0,-0.365197718,0.5671729229854356,10.806922919838126,0,412,434,bad
Person_B,4,18,404,0,0.076350205,0.6060109734535217,0,-0.365197718,0.6108016484061424,7.180755656904158,0,294,446,bad
Person_B,4,18,405,0,0.081803791,0.8687307834625244,0,-0.12173257,0.8725737988240236,5.379378837994838,0,322,649,bad
Person_B,4,18,406,0,0.077713601,0.8252942562103271,0,-0.12173257,0.8289451207163243,5.379378735113049,0,303,711,bad
Person_B,4,18,407,0,0.051809069,0.8273245096206665,0,-0.12173257,0.8289451271500483,3.5833215863812433,0,306,667,bad
Person_B,4,18,408,-1,0,0,0,0,0,0,0,0,0,bad
Person_B,4,18,409,0,0,0.8289451003074646,0,0.12173257023096085,0.8289451003074646,0,0,297,645,bad
Person_B,4,18,410,0,0.025904534,0.8285402655601501,0,0.12173257023096085,0.8289451227651728,1.7907846128436347,0,296,696,bad
Person_B,4,18,411,0,0.051809069,0.8273245096206665,0,0.12173257023096085,0.8289451271500483,3.5833215863812433,0,357,650,bad
Person_B,4,18,412,0,0.081803791,0.8687307834625244,0,0.12173257023096085,0.8725737988240236,5.379378837994838,0,353,639,bad
Person_B,4,18,413,0,0.081803791,0.8687307834625244,0,0.12173257023096085,0.8725737988240236,5.379378837994838,0,367,585,bad
Person_B,4,18,413,1,0,1.0907171964645386,0,-0.12173257,1.0907171964645386,0,0,297,561,bad
Person_B,4,18,414,0,0.081803791,0.8687307834625244,0,0.12173257023096085,0.8725737988240236,5.379378837994838,0,326,593,bad
Person_B,4,18,414,1,0.10634492337703705,0.5571138858795166,0,0.2434651404619217,0.5671729229854356,10.806922919838126,0,403,432,bad
Person_B,4,18,414,2,0,1.0907171964645386,0,-0.12173257,1.0907171964645386,0,0,325,549,bad
Person_B,4,18,415,0,0.14315663278102875,0.9049492478370667,0,0.12173257023096085,0.9162024681641471,8.989299174,0,299,603,bad
Person_B,4,18,416,0,0.17178796231746674,0.899953306,0,0.12173257023096085,0.9162025193568573,10.806922246612565,0,317,574,bad
Person_B,4,18,417,0,-0.152700409,0.5914061069488525,0,0.12173257023096085,0.6108016030878608,-14.47751303,0,344,427,bad
Person_B,4,18,417,1,0.076350205,0.6060109734535217,0,0.12173257023096085,0.6108016484061424,7.180755656904158,0,344,427,bad
Person_B,4,18,418,0,-0.204509482,0.6216549873352051,0,0.12173257023096085,0.654430326,-18.20995734,0,321,438,bad
Person_B,4,18,419,0,-0.204509482,0.6216549873352051,0,0.12173257023096085,0.654430326,-18.20995734,0,312,427,bad
Person_B,4,18,420,-1,0,0,0,0,0,0,0,0,0,bad
Person_B,4,18,421,0,-0.196329102,0.6698815226554871,0,0.12173257023096085,0.6980590022741615,-16.33482344,0,323,423,bad
Person_B,4,19,422,0,0,1.1343458890914917,0,-0.12173257,1.1343458890914917,0,0,292,514,bad
Person_B,4,19,423,-1,0,0,0,0,0,0,0,0,0,bad
Person_B,4,19,424,-1,0,0,0,0,0,0,0,0,0,bad
Person_B,4,19,425,0,-0.196329102,0.6698815226554871,0,-0.12173257,0.6980590022741615,-16.33482344,0,344,436,bad
Person_B,4,19,426,0,-0.204509482,0.6216549873352051,0,-0.24346514,0.654430326,-18.20995734,0,324,442,bad
Person_B,4,19,426,1,0.11452531069517136,0.90901649,0,-0.12173257,0.9162025026434499,7.180755655076955,0,298,594,bad
Person_B,4,19,427,0,-0.171787962,0.586146355,0,-0.24346514,0.6108016479155256,-16.33482269,0,426,437,bad
Person_B,4,19,427,1,0.057262652,0.60811156,0,-0.24346514,0.6108016708356955,5.379378524415086,0,426,437,bad
Person_B,4,19,428,0,0.095437758,0.6032994985580444,0,-0.24346514,0.6108016458308158,8.989299403852012,0,358,425,bad
Person_B,4,19,428,1,-0.152700409,0.5914061069488525,0,-0.24346514,0.6108016030878608,-14.47751303,0,358,425,bad
Person_B,4,19,429,0,0.095437758,0.6032994985580444,0,-0.12173257,0.6108016458308158,8.989299403852012,0,407,427,bad
Person_B,4,19,430,-1,0,0,0,0,0,0,0,0,0,bad
Person_B,4,19,431,0,0.081803791,0.8687307834625244,0,-0.12173257,0.8725737988240236,5.379378837994838,0,293,669,bad
Person_B,4,19,432,-1,0,0,0,0,0,0,0,0,0,bad
Person_B,4,19,433,0,0.027267931029200554,0.8721476197242737,0,0.12173257023096085,0.8725737852200979,1.7907846772124882,0,334,508,bad
Person_B,4,19,434,-1,0,0,0,0,0,0,0,0,0,bad
Person_B,4,19,435,-1,0,0,0,0,0,0,0,0,0,bad
Person_B,4,19,436,0,0.054535862,0.870867908,0,0.12173257023096085,0.8725738211958901,3.583321586356074,0,317,639,bad
Person_B,4,19,437,0,0.081803791,0.8687307834625244,0,0.12173257023096085,0.8725737988240236,5.379378837994838,0,327,633,bad
Person_B,4,19,437,1,0.38175103068351746,0.7846344113349915,0,0.12173257023096085,0.8725737842033398,25.944479808920615,0,327,633,bad
Person_B,4,19,438,0,0.081803791,0.8687307834625244,0,0.12173257023096085,0.8725737988240236,5.379378837994838,0,293,617,bad
Person_B,4,19,438,1,0,1.0907171964645386,0,-0.12173257,1.0907171964645386,0,0,370,523,bad
Person_B,4,19,439,0,0.085893981,0.9121673107147217,0,0.12173257023096085,0.916202477,5.3793789310783655,0,343,545,bad
Person_B,4,19,439,1,0.12406907975673676,0.5534365177154541,0,0.2434651404619217,0.5671729151614097,12.635625580079946,0,296,427,bad
Person_B,4,19,439,2,0.12270568311214447,0.6428237557411194,0,0.2434651404619217,0.6544303367151743,10.806922439595569,0,310,417,bad
Person_B,4,19,440,0,0.14315663278102875,0.9049492478370667,0,0.12173257023096085,0.9162024681641471,8.989299174,0,335,551,bad
Person_B,4,19,440,1,0,1.0907171964645386,0,0.12173257023096085,1.0907171964645386,0,0,322,637,bad
Person_B,4,19,440,2,0.061352841556072235,0.6515480279922485,0,0.2434651404619217,0.6544302896012626,5.379379164864534,0,297,438,bad
Person_B,4,19,441,0,-0.163607582,0.6336494088172913,0,0.2434651404619217,0.6544302975333643,-14.47751293,0,387,425,bad
Person_B,4,19,441,1,0.061352841556072235,0.6515480279922485,0,0.2434651404619217,0.6544302896012626,5.379379164864534,0,387,425,bad
Person_B,4,19,442,0,-0.184058532,0.6280139088630676,0,0.12173257023096085,0.6544302964955059,-16.33482382,0,381,429,bad
Person_B,4,19,443,0,-0.184058532,0.6280139088630676,0,0.12173257023096085,0.6544302964955059,-16.33482382,0,383,426,bad
Person_B,4,19,444,0,-0.184058532,0.6280139088630676,0,0.12173257023096085,0.6544302964955059,-16.33482382,0,323,434,bad
Person_B,4,19,445,-1,0,0,0,0,0,0,0,0,0,bad
Person_B,4,20,446,0,-0.196329102,0.6698815226554871,0,-0.12173257,0.6980590022741615,-16.33482344,0,324,425,bad
Person_B,4,20,447,0,-0.196329102,0.6698815226554871,0,-0.12173257,0.6980590022741615,-16.33482344,0,354,437,bad
Person_B,4,20,448,0,-0.196329102,0.6698815226554871,0,-0.12173257,0.6980590022741615,-16.33482344,0,373,431,bad
Person_B,4,20,448,1,0.065443031,0.6949846148490906,0,-0.12173257,0.6980590270510941,5.379378807956804,0,373,431,bad
Person_B,4,20,449,0,-0.174514756,0.675892711,0,-0.12173257,0.6980589919788679,-14.47751285,0,384,423,bad
Person_B,4,20,449,1,0.087257378,0.6925839781761169,0,-0.12173257,0.6980590353310874,7.180755656218959,0,384,423,bad
Person_B,4,20,450,0,0.10225474089384079,0.646392286,0,-0.24346514,0.6544303012604261,8.989299915803494,0,350,440,bad
Person_B,4,20,450,1,-0.143156633,0.6385806202888489,0,-0.24346514,0.6544303095958296,-12.63562534,0,350,440,bad
Person_B,4,20,450,2,0.14997361600399017,0.948042095,0,-0.12173257,0.9598311824663105,8.989298977325161,0,293,619,bad
Person_B,4,20,451,0,0.10225474089384079,0.646392286,0,-0.24346514,0.6544303012604261,8.989299915803494,0,336,443,bad
Person_B,4,20,451,1,0.14315663278102875,0.9049492478370667,0,-0.12173257,0.9162024681641471,8.989299174,0,337,592,bad
Person_B,4,20,452,0,0.46491822600364685,1.2700703144073486,0,0.12173257023096085,1.352489393825016,20.10550966997253,0,293,600,bad
Person_B,4,20,452,1,0.10225474089384079,0.646392286,0,-0.24346514,0.6544303012604261,8.989299915803494,0,343,439,bad
Person_B,4,20,452,2,0.11452531069517136,0.90901649,0,-0.12173257,0.9162025026434499,7.180755655076955,0,320,625,bad
Person_B,4,20,453,0,0.085893981,0.9121673107147217,0,-0.12173257,0.916202477,5.3793789310783655,0,335,621,bad
Person_B,4,20,454,0,0.081803791,0.8687307834625244,0,-0.12173257,0.8725737988240236,5.379378837994838,0,328,627,bad
Person_B,4,20,455,0,0.081803791,0.8687307834625244,0,-0.12173257,0.8725737988240236,5.379378837994838,0,295,616,bad
Person_B,4,20,456,0,0.081803791,0.8687307834625244,0,0.12173257023096085,0.8725737988240236,5.379378837994838,0,322,473,bad
Person_B,4,20,456,1,0.10907172411680222,0.8657299280166626,0,-0.12173257,0.8725737500438273,7.180756144,0,311,553,bad
Person_B,4,20,457,-1,0,0,0,0,0,0,0,0,0,bad
Person_B,4,20,458,-1,0,0,0,0,0,0,0,0,0,bad
Person_B,4,20,459,0,-0.106344923,1.129349946975708,0,0.12173257023096085,1.1343458667717277,-5.379378914,0,320,497,bad
Person_B,4,20,460,0,-0.084530585,1.3498451709747314,0,0.12173257023096085,1.3524893364910884,-3.583321744,0,322,627,bad
Person_B,4,20,460,1,-0.84530586,1.0557867288589478,0,0.12173257023096085,1.352489413584073,-38.68218623,0,322,627,bad
Person_B,4,20,460,2,-0.042265292,1.3518288135528564,0,-0.12173257,1.352489370043735,-1.790784638,0,347,555,bad
Person_B,4,20,460,3,-0.803040564,1.0882799625396729,0,-0.12173257,1.3524893435408258,-36.42357454,0,347,555,bad
Person_B,4,20,461,0,-0.070896618,1.132128119468689,0,-0.12173257,1.1343458067737637,-3.583321963,0,306,565,bad
Person_B,4,20,462,0,0.054535862,0.870867908,0,0.12173257023096085,0.8725738211958901,3.583321586356074,0,305,556,bad
Person_B,4,20,463,0,0.10907172411680222,0.8657299280166626,0,0.12173257023096085,0.8725737500438273,7.180756144,0,365,604,bad
Person_B,4,20,464,0,0,1.0907171964645386,0,0.12173257023096085,1.0907171964645386,0,0,302,592,bad
Person_B,4,20,464,1,0.085893981,0.9121673107147217,0,0.2434651404619217,0.916202477,5.3793789310783655,0,344,621,bad
Person_B,4,20,465,0,0.035448309034109116,1.1337918043136597,0,0.12173257023096085,1.1343458194669744,1.7907847713268152,0,395,607,bad
Person_B,4,20,465,1,0.11452531069517136,0.90901649,0,0.2434651404619217,0.9162025026434499,7.180755655076955,0,353,587,bad
Person_B,4,20,465,2,0.12270568311214447,0.6428237557411194,0,0.36519771814346313,0.6544303367151743,10.806922439595569,0,348,443,bad
Person_B,4,20,466,0,0.17996834218502045,0.942808211,0,0.12173257023096085,0.9598311969479602,10.806922447058655,0,351,547,bad
Person_B,4,20,466,1,0.035448309034109116,1.1337918043136597,0,0.12173257023096085,1.1343458194669744,1.7907847713268152,0,311,659,bad
Person_B,4,20,466,2,0.10225474089384079,0.646392286,0,0.2434651404619217,0.6544303012604261,8.989299915803494,0,340,443,bad
Person_B,4,20,466,3,-0.143156633,0.6385806202888489,0,0.2434651404619217,0.6544303095958296,-12.63562534,0,340,443,bad
Person_B,4,20,467,-1,0,0,0,0,0,0,0,0,0,bad
,,,,,,,,,,,,,,
,,,,,,,,,,,,,,
,,,,,,,,,,,,,,
,,,,,,,,,,,,,,
,,,,,,,,,,,,,,
